タイムスタンプ,メールアドレス,【重要情報】,団体名,企画名,メイン画像,ギャラリー,【任意】商品画像・バンドのプロフィール画像など,【任意】  商品画像・バンドのプロフィール画像などの情報
2026/09/10 16:04:39,0014000071015kas@gl.pen-kanagawa.ed.jp,上記に同意する。,2年7組,7つ目の藁人形,https://drive.google.com/open?id=1VcWQbRc-NFVz5pG1Hkr0LGCeesPNEomX,"https://drive.google.com/open?id=1Th2zzhD3VcM0Jscj0L2KIFsuiE3BYkRM, https://drive.google.com/open?id=1B2NDmy2y8XIgnkLgmjsdi21G8Fb-47Br, https://drive.google.com/open?id=1pWCgxyO9kOG8aRGqUSoXZmopOJoJVh1i, https://drive.google.com/open?id=1--rJgJx4_fIKH_NVOO8Ixt2vIHosaroy, https://drive.google.com/open?id=1kNNPlzhbS_2FY2ZEZwca_Ht_l5lPu4tN, https://drive.google.com/open?id=1RivBXh7dkwvi4uuo5zermUyFZstEl3sM, https://drive.google.com/open?id=1gYZG9OFA5GxSRdFo05Rl9x5e_XoaBrgM",,
2026/09/10 16:16:42,0014000081626q4p@gl.pen-kanagawa.ed.jp,上記に同意する。,1年１組,銭安堂,https://drive.google.com/open?id=1eN8221SxrB9uhiLxI87s4pPvYIFWRWFM,"https://drive.google.com/open?id=1UQ3-vhHQGf08-sEsIvm3kZ4Bh_o26KvP, https://drive.google.com/open?id=1msyxeAXjlV2sOuRDoxW9BXnEm2pmuq36",,
2026/09/10 16:21:36,hiraharakai102011222@gmail.com,上記に同意する。,１年4組,トイストーリーマニア,https://drive.google.com/open?id=1pI4a93isezXtmDy2KdpuPg8RZZAW_Rj5,https://drive.google.com/open?id=1ld_kSjxaDfso2VrNkVC0kDR--X8ts1xQ,,
2026/09/10 16:30:26,001400008127dy7z@gl.pen-kanagawa.ed.jp,上記に同意する。,1年3組,Club13,https://drive.google.com/open?id=167Nfp5qJORaoT7Fo65He6Kl74L0gAgAb,"https://drive.google.com/open?id=1GNj88vZ0CZLnAiHR1vaJm2bLIcqZrhlg, https://drive.google.com/open?id=1wn_eJu1sNgS59fHYFbnjYFImFZkhx0EG, https://drive.google.com/open?id=1gDSaODQKzFKWANqyOz6z8jTjycgXzo4v",,
2026/09/10 16:33:29,001400008131ucxt@gl.pen-kanagawa.ed.jp,上記に同意する。,1年7組,PINK MONSTER ,https://drive.google.com/open?id=1NEV6gUNwxQpN4Jkfiy6sEH3IR5gVP-6j,"https://drive.google.com/open?id=11XiAohERNsyaQeyLThTFTLJlVlA2mGoA, https://drive.google.com/open?id=1meAvmOPnGQWD1Aa115WTjyRVpVNqTSY0, https://drive.google.com/open?id=1sqmJJbCj0tKcNbNFjSSontl33M9Ch1Vt",https://drive.google.com/open?id=1jH6C07oUoEmHTPrb8jXIBeOwuqwe2TSa,"アイスの種類
・ドール
・パリパリバー
・ヨーロピアンシュガーコーン"
2026/09/10 16:34:20,001400008062ugds@gl.pen-kanagawa.ed.jp,上記に同意する。,1年5組,アリスのティーパーティー,https://drive.google.com/open?id=1j9WIFc6PayXrUBpbxmeDMePgoLyQDWRZ,"https://drive.google.com/open?id=1MUg69FDMiYwYbgKwa6Wm3USHcwc3nvNi, https://drive.google.com/open?id=16wFAMoXOu3C0Tn0Vw2M7ouPDDet8Yw48",,
2026/09/10 16:43:10,hase.eri0420@gmail.com,上記に同意する。,PTA,南陵Mart,https://drive.google.com/open?id=1e5mvI41CCuE-9gJOvmy2FmtSWLrT7IwM,https://drive.google.com/open?id=1eNcQtn6l6B8khTE0j7x3em3mvaCeDDBf,,
2026/09/10 17:07:33,maron2008777@gmail.com,上記に同意する。,ゲーム同好会,スマブラ王決定戦2026,https://drive.google.com/open?id=1DCzfM62h0RF2wOwJvWg3Ahss55-EJSMH,https://drive.google.com/open?id=1VQLPp7aiPSKDe9RSR5bkrezp_YIpHbOJ,,
2026/09/10 18:03:34,001400008131ucxt@gl.pen-kanagawa.ed.jp,上記に同意する。,1年7組,PINK MONSTER ,https://drive.google.com/open?id=1z6XmKM4u351velPL2SgKN_leS52zUnJB,"https://drive.google.com/open?id=1KshDjd71ASewG-jEPdNwvdRyMaGk1RbR, https://drive.google.com/open?id=19kO15NCr7nG9LZaFEemoCxY3NOLpBuR-, https://drive.google.com/open?id=1VMWtMlBaw7WFvTz4OHShCLKGyT-A-GBi, https://drive.google.com/open?id=1NwyqZAVjyYg-KgT7RpYmgYQeBsyed60Z, https://drive.google.com/open?id=1TmM7PF5Il_eqTbwK5pUYyykRliM_0Ad-",https://drive.google.com/open?id=1Tc6veORFxbjajqd9tdtd1kX3PXi0bx7u,"アイスの種類
・ドール
・パリパリバー
・ヨーロピアンシュガーコーン"