タイムスタンプ,メールアドレス,重要情報,団体代表者のInstagramアカウントID,団体名,企画名,団体の種類,企画のジャンル,企画の詳細な紹介文,企画のキャッチフレーズ(15文字以内),企画の実施場所,ウェブサイトに追加してほしい機能やページはありますか？（複数選択可）  ,【共通】 団体の公式InstagramなどSNSへのリンクボタン設置を希望した方へ,【共通】来場者がWeb上で投票できるシステムを作ってほしいを希望した方へ,【共通】団体の写真の掲載をしてほしいを希望した方へ,【ステージ】 セットリストや出演時間のタイムテーブルを希望した方へ,【ステージ】 出演者（バンドやグループなど）のプロフィール・写真・一言紹介を希望した方へ,【調理・販売】 メニューのこだわりポイントやアレルギー成分の表示を希望した方へ,自由記述欄（ご意見・ご提案など）  
2026/08/27 20:41:47,biyishuigu@gmail.com,上記に同意する。,@_aoi_m__,2年3組,大関メイド初めました。,クラス,販売,私たちは、「大関、メイド始めました」をただの文化祭の出し物ではなく、きてくれた人の1番の思い出に残る本格的なメイド喫茶として作り上げたいと考えています。ただ可愛い制服を着て接客をするのでなく、お店に入る前から帰るまでまるで本当のメイド喫茶に来たような気持ちになってもらえるように一つ一つの演出にこだわります。,向井、いつでもいけます！！,クラス,特に要望はない（基本情報の掲載のみでOK）,,,,　,,,
2026/08/27 21:01:03,kaichi0918aki@gmail.com,上記に同意する。,@chi_otm_0918,3年5組,ペッパーランチ藤本家,クラス,調理,文化祭で味わえる本格ペッパーランチで誰でも食べやすいような味に仕上がっています,スパイシーなペッパーランチ♡,外テント,特に要望はない（基本情報の掲載のみでOK）,,,,なし,,,
2026/08/28 8:18:08,kimuramayaka@gmail.com,上記に同意する。,@12_k.my,美術部,美術部展示,部活動・同好会,展示,"美術室では平面作品や立体作品など数多くの作品展示を行っています！
また、フリースペースではお絵描きスペースも設けていますので文化祭の思い出に立ち寄って見てください！",魅せる、私達の美術。,美術室,特に要望はない（基本情報の掲載のみでOK）,,,,,,,
2026/08/28 11:58:05,yidongjieyou@gmail.com,上記に同意する。,@ty_i08_,軽音楽部,NANRYOFES,部活動・同好会,ステージ(体育館ステージ以外も含みます。),"軽音楽部は4月から文化祭という大舞台に向けてたくさんの練習をしてきました。
3年生は最後の発表なので全力で楽しんで演奏したいと思います！
皆さん是非聴きに来てください!!!",熱いライブをお届けします!!!,視聴覚室、体育館ステージ,【ステージ】 セットリストや出演時間のタイムテーブル,,,,,,,
2026/08/29 16:21:28,001400007245w8w3@gl.pen-kanagawa.ed.jp,上記に同意する。,001400007245w8w3@gl.pen-kanagawa.ed.jp,茶道部,「抹茶ファースト 〜まずは一服、話はそれから〜」,部活動・同好会,ステージ(体育館ステージ以外も含みます。),"静かな空間で、湯気の向こうに広がるひと時の余白――。
茶道部がお届けする、抹茶と和菓子のひととき。
見た目の美しさだけでなく、季節の移ろいや、おもてなしの心もご堪能いただけるだろう。
どうぞ、足をお運びいただきたい。",「ただいま、茶の時間。」🍵,2階の作法室,特に要望はない（基本情報の掲載のみでOK）,,,,,,,
2026/08/30 1:34:07,haru1117.37@gmail.com,上記に同意する。,笹森ってインスタで打ったら出てきます,2年7組,7つ目の藁人形,クラス,展示,"神社を舞台にした体験型お化け屋敷です。
ある日突然7つの藁人形のうち1つの封印が解かれてしまい神社に現れるようになってしまいました。もう一度封印をする為に神社の中を探索し封印出来ればクリアあなたは辿り着けるのか
本気であなたを怖がらせに行きます。",鳥居をくぐった瞬間、呪いは始まる。,2年7組,特に要望はない（基本情報の掲載のみでOK）,,,,,,,
2026/08/31 12:59:21,001400006010qb2t@gl.pen-kanagawa.ed.jp,上記に同意する。,@ shu_n0220,3年1組,アキコのひとくちカステラ,クラス,調理,"あの坂本先生監修のベビーカステラです！
モリモリ食べれる美味しさで手が止まりませんよ〜
食ってみな飛ぶぞ",アキコ監修,昇降口前,"【調理・販売】 メニューのこだわりポイントやアレルギー成分の表示, ",,,,,,卵、はちみつ、小麦粉、牛乳、,
2026/09/03 9:20:15,001400006026f6au@gl.pen-kanagawa.ed.jp,上記に同意する。,@ganza_ki.h,ちーむにこにこ,3年バンド演奏,有志,ステージ(体育館ステージ以外も含みます。),みんなが盛り上がれるようなステージを目指します,絶対来てね,後夜祭ステージ,【ステージ】 セットリストや出演時間のタイムテーブル,,,,,,,
2026/09/05 20:27:05,001400008066q3aw@gl.pen-kanagawa.ed.jp,上記に同意する。,chikara_0809,1年6組,マダムあつひろの甘い誘惑,クラス,販売,ヨーロッパの街並みにあるようなお菓子屋さんをテーマにクッキーバームクーヘンなどの焼き菓子を販売します。お店の雰囲気を盛り上げるためにヨーロッパ風のクラシカルの内装を工夫します。,1年6組で海外感じよ〜‼︎,1年6組教室,特に要望はない（基本情報の掲載のみでOK）,,,,,,,